{"cameraMode":{"drawMode":0,"name":"Shaded","section":"Shading Mode"},"sceneLighting":true,"audioPlay":false,"sceneViewState":{"showFog":true,"showMaterialUpdate":true,"showSkybox":true,"showFlares":true,"showImageEffects":true,"showParticleSystems":true},"in2DMode":false,"pivot":{"x":8.127436637878418,"y":-20.924041748046876,"z":-8.756317138671875},"rotation":{"x":-0.16305480897426606,"y":-0.8271463513374329,"z":0.44364720582962038,"w":-0.3040052652359009},"size":34.643394470214847,"orthographic":false}