{"cameraMode":{"drawMode":0,"name":"Shaded","section":"Shading Mode"},"sceneLighting":true,"audioPlay":false,"sceneViewState":{"showFog":false,"showMaterialUpdate":false,"showSkybox":false,"showFlares":false,"showImageEffects":false,"showParticleSystems":false},"in2DMode":false,"pivot":{"x":0.12300000339746475,"y":0.2669999897480011,"z":-0.020999999716877939},"rotation":{"x":0.037851154804229739,"y":-0.7157343626022339,"z":0.03890959173440933,"w":0.6962597966194153},"size":3.3452341556549074,"orthographic":false}