{"cameraMode":{"drawMode":0,"name":"Shaded","section":"Shading Mode"},"sceneLighting":true,"audioPlay":false,"sceneViewState":{"showFog":true,"showMaterialUpdate":true,"showSkybox":true,"showFlares":true,"showImageEffects":true,"showParticleSystems":true},"in2DMode":false,"pivot":{"x":6.138336181640625,"y":0.9963468313217163,"z":8.608216285705567},"rotation":{"x":0.07588846236467362,"y":0.07679719477891922,"z":0.005862552672624588,"w":-0.9941372275352478},"size":3.378979444503784,"orthographic":false}